ID,Title,Content,Excerpt,Date,"Post Type",Permalink,"Parent Product ID",Sku,Price,"Regular Price","Sale Price","Stock Status",Stock,"External Product URL","Total Sales","Attribute Name (pa_manufacturer)","Attribute Value (pa_manufacturer)","Attribute In Variations (pa_manufacturer)","Attribute Is Visible (pa_manufacturer)","Attribute Is Taxonomy (pa_manufacturer)","Attribute Name (pa_phone_model)","Attribute Value (pa_phone_model)","Attribute In Variations (pa_phone_model)","Attribute Is Visible (pa_phone_model)","Attribute Is Taxonomy (pa_phone_model)","Shipping Class","Image URL","Image Title","Image Caption","Image Description","Image Alt Text","Image Featured","Attachment URL","Product Type",Ετικέτες,"Κατηγορίες προϊόντων","Ετικέτες προϊόντος","Stock statuses","Product Visibility",Status,"Author ID","Author Username","Author Email","Author First Name","Author Last Name",Slug,Format,Template,"Parent Slug",Order,"Comment Status","Ping Status","Post Modified Date",Downloadable,Virtual,"Purchase Note",Featured,Weight,Length,Width,Height,"Sale Price Dates From","Sale Price Dates To","Sold Individually","Manage Stock",Up-Sells,Cross-Sells,"Downloadable Files Paths","Downloadable Files Names","Download Limit","Download Expiry","Download Type","Button Text",Backorders,"Tax Status","Tax Class","Product Image Gallery","Default Attributes","Product Attributes","Product Version","Variation Description","Wc Rating Count","Wc Review Count","Wc Average Rating",old_erp_id,old_password,old_salt,newssletter,tel
38823,"Διάφορα Κουτιά Συσκευών",,,2019-07-02,product,https://staging.citisaid.com/?post_type=product&p=38823,0,AS-00802,0,0,,instock,50,,0,Manufacturer,Xiaomi,no,yes,yes,"Phone model",,no,no,no,,,,,,,,,simple,visible,"Αξεσουάρ>Wearables - Ρολόγια>Xiaomi",,"Κατόπιν παραγγελίας",visible,draft,0,,,,,diafora-koytia-syskeywn,,,0,0,closed,closed,2019-07-04,no,no,,no,,,,,,,no,yes,,,,,'-1,'-1,,,yes,taxable,vat-24,,a:0:{},"a:1:{s:15:""pa_manufacturer"";a:6:{s:4:""name"";s:15:""pa_manufacturer"";s:5:""value"";s:0:"""";s:8:""position"";i:1;s:10:""is_visible"";i:1;s:12:""is_variation"";i:0;s:11:""is_taxonomy"";i:1;}}",3.5.7,,a:0:{},0,0,,,,,
38826,"Γνήσια Ακουστικά SAMSUNG AKG EO-IG955 GALAXY S10 / S10 Plus Μαύρο",,,2019-07-02,product,https://staging.citisaid.com/product/%ce%b1%ce%be%ce%b5%cf%83%ce%bf%cf%85%ce%ac%cf%81/akoystika-%ce%b1%ce%be%ce%b5%cf%83%ce%bf%cf%85%ce%ac%cf%81/samsung-akoystika-%ce%b1%ce%be%ce%b5%cf%83%ce%bf%cf%85%ce%ac%cf%81/gnhsia-akoystika-samsung-akg-eo-ig955-galaxy-s10-s10-plus-mayro/,0,AS-00803,9.9,9.9,,onbackorder,0,,0,Manufacturer,Samsung,no,yes,yes,"Phone model",,no,no,no,,https://staging.citisaid.com/var/uploads//2019/07/00803.jpeg,b226dde6-4f6c-46b5-943e-2455fcca7c84-1dcc87ba004fc9c868333fe,,,,https://staging.citisaid.com/var/uploads//2019/07/00803.jpeg,,simple,visible,Αξεσουάρ>Ακουστικά>Samsung,,Εξαντλήθηκε,visible,publish,0,,,,,gnhsia-akoystika-samsung-akg-eo-ig955-galaxy-s10-s10-plus-mayro,,,0,0,closed,closed,2019-07-11,no,no,,no,,,,,,,no,yes,,,,,'-1,'-1,,,yes,taxable,vat-24,,a:0:{},"a:1:{s:15:""pa_manufacturer"";a:6:{s:4:""name"";s:15:""pa_manufacturer"";s:5:""value"";s:0:"""";s:8:""position"";i:1;s:10:""is_visible"";i:1;s:12:""is_variation"";i:0;s:11:""is_taxonomy"";i:1;}}",3.5.7,,a:0:{},0,0,,,,,
38827,"Γνήσια Ακουστικά SAMSUNG AKG EO-IG955 GALAXY S10 / S10 Plus Άσπρο",,,2019-07-02,product,https://staging.citisaid.com/product/%ce%b1%ce%be%ce%b5%cf%83%ce%bf%cf%85%ce%ac%cf%81/akoystika-%ce%b1%ce%be%ce%b5%cf%83%ce%bf%cf%85%ce%ac%cf%81/samsung-akoystika-%ce%b1%ce%be%ce%b5%cf%83%ce%bf%cf%85%ce%ac%cf%81/gnhsia-akoystika-samsung-akg-eo-ig955-galaxy-s10-s10-plus-aspro/,0,AS-00804,9.9,9.9,,onbackorder,0,,0,Manufacturer,Samsung,no,yes,yes,"Phone model",,no,no,no,,https://staging.citisaid.com/var/uploads//2019/07/00804.jpeg,r29123-1000jpg,,,,https://staging.citisaid.com/var/uploads//2019/07/00804.jpeg,,simple,visible,Αξεσουάρ>Ακουστικά>Samsung,,Εξαντλήθηκε,visible,publish,0,,,,,gnhsia-akoystika-samsung-akg-eo-ig955-galaxy-s10-s10-plus-aspro,,,0,0,closed,closed,2019-07-11,no,no,,no,,,,,,,no,yes,,,,,'-1,'-1,,,yes,taxable,vat-24,,a:0:{},"a:1:{s:15:""pa_manufacturer"";a:6:{s:4:""name"";s:15:""pa_manufacturer"";s:5:""value"";s:0:"""";s:8:""position"";i:1;s:10:""is_visible"";i:1;s:12:""is_variation"";i:0;s:11:""is_taxonomy"";i:1;}}",3.5.7,,a:0:{},0,0,,,,,
38828,"Γνήσια Μπαταρία Huawei Mate 20X HB3973A5ECW",,,2019-07-02,product,https://staging.citisaid.com/product/antallaktika/huawei/mpataries-kinhtwn-huawei/gnhsia-mpataria-huawei-mate-20x-hb3973a5ecw/,0,CA-06464,29,29,,instock,5,,0,Manufacturer,Huawei,no,yes,yes,"Phone model","Mate 8",no,yes,yes,,https://staging.citisaid.com/var/uploads//2019/07/ca-06464.png,1200x800png,,,,https://staging.citisaid.com/var/uploads//2019/07/ca-06464.png,,simple,visible,"Ανταλλακτικά>Huawei>Μπαταρίες Κινητών",,Εξαντλήθηκε,visible,publish,0,,,,,gnhsia-mpataria-huawei-mate-20x-hb3973a5ecw,,,0,0,closed,closed,2019-07-11,no,no,,no,,,,,,,no,yes,,,,,'-1,'-1,,,yes,taxable,vat-24,,a:0:{},"a:2:{s:15:""pa_manufacturer"";a:6:{s:4:""name"";s:15:""pa_manufacturer"";s:5:""value"";s:0:"""";s:8:""position"";i:1;s:10:""is_visible"";i:1;s:12:""is_variation"";i:0;s:11:""is_taxonomy"";i:1;}s:14:""pa_phone-model"";a:6:{s:4:""name"";s:14:""pa_phone-model"";s:5:""value"";s:0:"""";s:8:""position"";i:2;s:10:""is_visible"";i:1;s:12:""is_variation"";i:0;s:11:""is_taxonomy"";i:1;}}",3.5.7,,a:0:{},0,0,,,,,
38829,"Γνήσια Μπαταρία Samsung EB-BJ805ABE Galaxy A6 / A6 Plus (2018)",,,2019-07-02,product,https://staging.citisaid.com/product/antallaktika/samsung/mpataries-kinhtwn-samsung/gnhsia-mpataria-samsung-eb-bj805abe-galaxy-a6-a6-plus-2018/,0,CA-06465,12,12,,instock,10,,0,Manufacturer,Samsung,no,yes,yes,"Phone model","A320 (2017)",no,yes,yes,,https://staging.citisaid.com/var/uploads//2019/07/ca-06465.jpeg,samsung-galaxy-a6-plus-2018-battery-eb-bj805abe-3500-mah-li,,,,https://staging.citisaid.com/var/uploads//2019/07/ca-06465.jpeg,,simple,visible,"Ανταλλακτικά>Samsung>Μπαταρίες Κινητών",,Εξαντλήθηκε,visible,publish,0,,,,,gnhsia-mpataria-samsung-eb-bj805abe-galaxy-a6-a6-plus-2018,,,0,0,closed,closed,2019-07-11,no,no,,no,,,,,,,no,yes,,,,,'-1,'-1,,,yes,taxable,vat-24,,a:0:{},"a:2:{s:15:""pa_manufacturer"";a:6:{s:4:""name"";s:15:""pa_manufacturer"";s:5:""value"";s:0:"""";s:8:""position"";i:1;s:10:""is_visible"";i:1;s:12:""is_variation"";i:0;s:11:""is_taxonomy"";i:1;}s:14:""pa_phone-model"";a:6:{s:4:""name"";s:14:""pa_phone-model"";s:5:""value"";s:0:"""";s:8:""position"";i:2;s:10:""is_visible"";i:1;s:12:""is_variation"";i:0;s:11:""is_taxonomy"";i:1;}}",3.5.7,,a:0:{},0,0,,,,,
38830,"Γνήσια Μπαταρία Samsung EB-BA920ABE Galaxy A9 (2017)",,,2019-07-02,product,https://staging.citisaid.com/product/antallaktika/samsung/mpataries-kinhtwn-samsung/gnhsia-mpataria-samsung-eb-ba920abe-galaxy-a9-2017/,0,CA-06466,14.5,14.5,,instock,10,,0,Manufacturer,Samsung,no,yes,yes,"Phone model","A320 (2017)",no,yes,yes,,https://staging.citisaid.com/var/uploads//2019/07/ca-06466.jpeg|https://staging.citisaid.com/var/uploads//2019/07/ca-06466.jpeg,xzua8p5eqbg5d1pvqzj9-ba920-largejpg|batterie-originale-samsung-a920-galaxy-a9-2018-eb-ba920abe-p,|,|,|,https://staging.citisaid.com/var/uploads//2019/07/ca-06466.jpeg,,simple,visible,"Ανταλλακτικά>Samsung>Μπαταρίες Κινητών",,Εξαντλήθηκε,visible,publish,0,,,,,gnhsia-mpataria-samsung-eb-ba920abe-galaxy-a9-2017,,,0,0,closed,closed,2019-07-11,no,no,,no,,,,,,,no,yes,,,,,'-1,'-1,,,yes,taxable,vat-24,,a:0:{},"a:2:{s:15:""pa_manufacturer"";a:6:{s:4:""name"";s:15:""pa_manufacturer"";s:5:""value"";s:0:"""";s:8:""position"";i:1;s:10:""is_visible"";i:1;s:12:""is_variation"";i:0;s:11:""is_taxonomy"";i:1;}s:14:""pa_phone-model"";a:6:{s:4:""name"";s:14:""pa_phone-model"";s:5:""value"";s:0:"""";s:8:""position"";i:2;s:10:""is_visible"";i:1;s:12:""is_variation"";i:0;s:11:""is_taxonomy"";i:1;}}",3.5.7,,a:0:{},0,0,,,,,
38834,"Γνήσια Μπαταρία Samsung EB-BG610ABE Galaxy J4 Plus (2018) / J6 Plus (2018) J7 Prime",,,2019-07-02,product,https://staging.citisaid.com/product/antallaktika/samsung/mpataries-kinhtwn-samsung/gnhsia-mpataria-samsung-eb-bg610abe-galaxy-j4-plus-2018-j6-plus-2018-j7-prime/,0,CA-06467,19.9,19.9,,instock,10,,0,Manufacturer,Samsung,no,yes,yes,"Phone model",,no,no,no,,https://staging.citisaid.com/var/uploads//2019/07/ca-06467.jpeg,samsung-eb-bg610abe-3300mah-gia-samsung-galaxy-j4-plus-2018,,,,https://staging.citisaid.com/var/uploads//2019/07/ca-06467.jpeg,,simple,visible,"Ανταλλακτικά>Samsung>Μπαταρίες Κινητών",,Εξαντλήθηκε,visible,publish,0,,,,,gnhsia-mpataria-samsung-eb-bg610abe-galaxy-j4-plus-2018-j6-plus-2018-j7-prime,,,0,0,closed,closed,2019-07-11,no,no,,no,,,,,,,no,yes,,,,,'-1,'-1,,,yes,taxable,vat-24,,a:0:{},"a:1:{s:15:""pa_manufacturer"";a:6:{s:4:""name"";s:15:""pa_manufacturer"";s:5:""value"";s:0:"""";s:8:""position"";i:1;s:10:""is_visible"";i:1;s:12:""is_variation"";i:0;s:11:""is_taxonomy"";i:1;}}",3.5.7,,a:0:{},0,0,,,,,
38912,"Σκληρός Δίσκος SSD M.2 ITB Samsung 970 Evo Plus For Business PCI-ENVMe",,,2019-07-03,product,https://staging.citisaid.com/?post_type=product&p=38912,0,CA-06468,0,0,,instock,150,,0,Manufacturer,,no,no,no,"Phone model",,no,no,no,,,,,,,,,simple,visible,Τηλέφωνα,,Εξαντλήθηκε,visible,draft,0,,,,,sklhros-diskos-ssd-m2-itb-samsung-970-evo-plus-business-pci-envme,,,0,0,closed,closed,2019-07-04,no,no,,no,,,,,,,no,yes,,,,,'-1,'-1,,,yes,taxable,vat-24,,a:0:{},a:0:{},3.5.7,,a:0:{},0,0,,,,,
38975,"XIAOMI MI 9 64GB BLACK",,,2019-07-03,product,https://staging.citisaid.com/?post_type=product&p=38975,0,004087,0,0,,instock,0,,0,Manufacturer,,no,no,no,"Phone model",,no,no,no,,,,,,,,,simple,visible,Τηλέφωνα,,Εξαντλήθηκε,visible,draft,0,,,,,xiaomi-mi-9-64gb-black,,,0,0,closed,closed,2019-07-11,no,no,,no,,,,,,,no,yes,,,,,'-1,'-1,,,yes,taxable,vat-24,,a:0:{},a:0:{},3.5.7,,a:0:{},0,0,,,,,
39022,"SONY XPERIA XZ1 64GB",,,2019-07-04,product,https://staging.citisaid.com/?post_type=product&p=39022,0,004088,0,0,,instock,0,,0,Manufacturer,,no,no,no,"Phone model",,no,no,no,,,,,,,,,simple,visible,Τηλέφωνα,,Εξαντλήθηκε,visible,draft,0,,,,,sony-xperia-xz1-64gb,,,0,0,closed,closed,2019-07-11,no,no,,no,,,,,,,no,yes,,,,,'-1,'-1,,,yes,taxable,vat-24,,a:0:{},a:0:{},3.5.7,,a:0:{},0,0,,,,,
39026,"XIAOMI REDMI NOTE 7 128GB BLUE",,,2019-07-04,product,https://staging.citisaid.com/?post_type=product&p=39026,0,004089,0,0,,onbackorder,0,,0,Manufacturer,,no,no,no,"Phone model",,no,no,no,,,,,,,,,simple,visible,Τηλέφωνα,,Εξαντλήθηκε,visible,draft,0,,,,,xiaomi-redmi-note-7-128gb-blue,,,0,0,closed,closed,2019-07-06,no,no,,no,,,,,,,no,yes,,,,,'-1,'-1,,,yes,taxable,vat-24,,a:0:{},a:0:{},3.5.7,,a:0:{},0,0,,,,,
39109,"Γνήσια Οθόνη LCD και Μηχανισμός Αφής Samsung SM-G973 Galaxy S10 Πράσινη GH82-18835E",,,2019-07-05,product,https://staging.citisaid.com/product/antallaktika/samsung/o8ones-samsung/gnhsia-o8onh-lcd-kai-mhxanismos-afhs-samsung-sm-g973-galaxy-s10-prasinh-gh82-18835e/,0,CA-06469,235,235,,instock,1,,0,Manufacturer,Samsung,no,yes,yes,"Phone model",S10,no,yes,yes,,https://staging.citisaid.com/var/uploads//2019/07/ca-06469.jpeg,20190513133526-samsung-othoni-gia-galaxy-s10-prism-greenjpeg,,,,https://staging.citisaid.com/var/uploads//2019/07/ca-06469.jpeg,,simple,visible,Ανταλλακτικά>Samsung>Οθόνες,,"4-10 μέρες",visible,publish,0,,,,,gnhsia-o8onh-lcd-kai-mhxanismos-afhs-samsung-sm-g973-galaxy-s10-prasinh-gh82-18835e,,,0,0,closed,closed,2019-07-06,no,no,,no,,,,,,,no,yes,,,,,'-1,'-1,,,yes,taxable,vat-24,,a:0:{},"a:2:{s:15:""pa_manufacturer"";a:6:{s:4:""name"";s:15:""pa_manufacturer"";s:5:""value"";s:0:"""";s:8:""position"";i:1;s:10:""is_visible"";i:1;s:12:""is_variation"";i:0;s:11:""is_taxonomy"";i:1;}s:14:""pa_phone-model"";a:6:{s:4:""name"";s:14:""pa_phone-model"";s:5:""value"";s:0:"""";s:8:""position"";i:2;s:10:""is_visible"";i:1;s:12:""is_variation"";i:0;s:11:""is_taxonomy"";i:1;}}",3.5.7,,a:0:{},0,0,,,,,
39110,"Γνήσια Οθόνη LCD και Μηχανισμός Αφής Samsung SM-A202 Galaxy A20E Μαύρη GH82-20229A",,,2019-07-05,product,https://staging.citisaid.com/product/antallaktika/samsung/o8ones-samsung/gnhsia-o8onh-lcd-kai-mhxanismos-afhs-samsung-sm-a202-galaxy-a20e-mayrh-gh82-20229a/,0,CA-06470,69,69,,instock,8,,2,Manufacturer,Samsung,no,yes,yes,"Phone model","A20 (2019)",no,yes,yes,,https://staging.citisaid.com/var/uploads//2019/07/ca-06470.jpeg,20190523111904-samsung-galaxy-a20e-dual-32gbjpeg,,,,https://staging.citisaid.com/var/uploads//2019/07/ca-06470.jpeg,,simple,visible,Ανταλλακτικά>Samsung>Οθόνες,,"Κατόπιν παραγγελίας",visible,publish,0,,,,,gnhsia-o8onh-lcd-kai-mhxanismos-afhs-samsung-sm-a202-galaxy-a20e-mayrh-gh82-20229a,,,0,0,closed,closed,2019-07-12,no,no,,no,,,,,,,no,yes,,,,,'-1,'-1,,,yes,taxable,vat-24,,a:0:{},"a:2:{s:15:""pa_manufacturer"";a:6:{s:4:""name"";s:15:""pa_manufacturer"";s:5:""value"";s:0:"""";s:8:""position"";i:1;s:10:""is_visible"";i:1;s:12:""is_variation"";i:0;s:11:""is_taxonomy"";i:1;}s:14:""pa_phone-model"";a:6:{s:4:""name"";s:14:""pa_phone-model"";s:5:""value"";s:0:"""";s:8:""position"";i:2;s:10:""is_visible"";i:1;s:12:""is_variation"";i:0;s:11:""is_taxonomy"";i:1;}}",3.5.7,,a:0:{},0,0,,,,,
39127,"Samsung Evo Plus MicroSDXC 512GB U3 With Adapter MB-MC51",,,2019-07-05,product,https://staging.citisaid.com/?post_type=product&p=39127,0,004090,0,0,,onbackorder,0,,0,Manufacturer,,no,no,no,"Phone model",,no,no,no,,,,,,,,,simple,visible,"Βοηθητικά Είδη",,Εξαντλήθηκε,visible,draft,0,,,,,samsung-evo-plus-microsdxc-512gb-u3-adapter-mb-mc51,,,0,0,closed,closed,2019-07-06,no,no,,no,,,,,,,no,yes,,,,,'-1,'-1,,,yes,taxable,vat-24,,a:0:{},a:0:{},3.5.7,,a:0:{},0,0,,,,,
39132,"Samsung 970 EVO 2TB V-NANDNVME",,,2019-07-05,product,https://staging.citisaid.com/?post_type=product&p=39132,0,004091,0,0,,instock,30,,0,Manufacturer,,no,no,no,"Phone model",,no,no,no,,,,,,,,,simple,visible,"Βοηθητικά Είδη",,Εξαντλήθηκε,visible,draft,0,,,,,samsung-970-evo-2tb-v-nandnvme,,,0,0,closed,closed,2019-07-06,no,no,,no,,,,,,,no,yes,,,,,'-1,'-1,,,yes,taxable,vat-24,,a:0:{},a:0:{},3.5.7,,a:0:{},0,0,,,,,
39231,"XIAOMI REDMI NOTE 7 128GB BLACK",,,2019-07-08,product,https://staging.citisaid.com/?post_type=product&p=39231,0,004092,0,0,,instock,1,,0,Manufacturer,,no,no,no,"Phone model",,no,no,no,,,,,,,,,simple,visible,Τηλέφωνα,,Εξαντλήθηκε,visible,draft,0,,,,,xiaomi-redmi-note-7-128gb-black,,,0,0,closed,closed,2019-07-09,no,no,,no,,,,,,,no,yes,,,,,'-1,'-1,,,yes,taxable,vat-24,,a:0:{},a:0:{},3.5.7,,a:0:{},0,0,,,,,
39259,"Apple AirPods 2 2019 MV7N2-SGTDYL9MHLX@Y White",,,2019-07-08,product,https://staging.citisaid.com/?post_type=product&p=39259,0,AS-00805,0,0,,onbackorder,0,,0,Manufacturer,,no,no,no,"Phone model",,no,no,no,,,,,,,,,simple,visible,Αξεσουάρ,,Εξαντλήθηκε,visible,draft,0,,,,,apple-airpods-2-2019-mv7n2-sgtdyl9mhlxy-white,,,0,0,closed,closed,2019-07-09,no,no,,no,,,,,,,no,yes,,,,,'-1,'-1,,,yes,taxable,vat-24,,a:0:{},a:0:{},3.5.7,,a:0:{},0,0,,,,,
39311,"Γνήσιο Πριζάκι Φόρτισης - Apple iPhone A1400 MD813ZM/A + MD818 MB707ZM (Retail Package)",,,2019-07-08,product,https://staging.citisaid.com/product/%ce%b1%ce%be%ce%b5%cf%83%ce%bf%cf%85%ce%ac%cf%81/kalwdia-fortistes-%ce%b1%ce%be%ce%b5%cf%83%ce%bf%cf%85%ce%ac%cf%81/apple-kalwdia-fortistes-%ce%b1%ce%be%ce%b5%cf%83%ce%bf%cf%85%ce%ac%cf%81/gnhsio-prizaki-fortishs-apple-iphone-a1400-md813zm-md818-mb707zm-retail-package/,0,AS-00806,15.9,15.9,,instock,50,,0,Manufacturer,Apple,no,yes,yes,"Phone model",,no,no,no,,https://staging.citisaid.com/var/uploads//2019/07/00806.jpeg,20180122130743-apple-lightning-cable-wall-adapter-leyko-a140,,,,https://staging.citisaid.com/var/uploads//2019/07/00806.jpeg,,simple,visible,"Αξεσουάρ>Καλώδια - Φορτιστές>Apple",,Εξαντλήθηκε,visible,publish,0,,,,,gnhsio-prizaki-fortishs-apple-iphone-a1400-md813zm-md818-mb707zm-retail-package,,,0,0,closed,closed,2019-07-11,no,no,,no,,,,,,,no,yes,,,,,'-1,'-1,,,yes,taxable,vat-24,,a:0:{},"a:1:{s:15:""pa_manufacturer"";a:6:{s:4:""name"";s:15:""pa_manufacturer"";s:5:""value"";s:0:"""";s:8:""position"";i:1;s:10:""is_visible"";i:1;s:12:""is_variation"";i:0;s:11:""is_taxonomy"";i:1;}}",3.5.7,,a:0:{},0,0,,,,,
39312,"Γνήσιο Πριζάκι Φόρτισης - Apple iPhone A1401 12w Power Adapter MD836ZM/A (Bulk)",,,2019-07-08,product,https://staging.citisaid.com/product/%ce%b1%ce%be%ce%b5%cf%83%ce%bf%cf%85%ce%ac%cf%81/kalwdia-fortistes-%ce%b1%ce%be%ce%b5%cf%83%ce%bf%cf%85%ce%ac%cf%81/apple-kalwdia-fortistes-%ce%b1%ce%be%ce%b5%cf%83%ce%bf%cf%85%ce%ac%cf%81/gnhsio-prizaki-fortishs-apple-iphone-a1401-12w-power-adapter-md836zm-bulk/,0,AS-00807,12,12,,instock,29,,0,Manufacturer,Apple,no,yes,yes,"Phone model",,no,no,no,,https://staging.citisaid.com/var/uploads//2019/07/00807.jpeg,eng-pl-original-charger-2-4a-microusb-apple-ipad-a1401-md836,,,,https://staging.citisaid.com/var/uploads//2019/07/00807.jpeg,,simple,visible,"Αξεσουάρ>Καλώδια - Φορτιστές>Apple",,Εξαντλήθηκε,visible,publish,0,,,,,gnhsio-prizaki-fortishs-apple-iphone-a1401-12w-power-adapter-md836zm-bulk,,,0,0,closed,closed,2019-07-12,no,no,,no,,,,,,,no,yes,,,,,'-1,'-1,,,yes,taxable,vat-24,,a:0:{},"a:1:{s:15:""pa_manufacturer"";a:6:{s:4:""name"";s:15:""pa_manufacturer"";s:5:""value"";s:0:"""";s:8:""position"";i:1;s:10:""is_visible"";i:1;s:12:""is_variation"";i:0;s:11:""is_taxonomy"";i:1;}}",3.5.7,,a:0:{},0,0,,,,,
39313,"Τζαμάκι Προστασίας Καθρέτης Για iPhone 7 Plus / 8 Plus Full Cover Hoco Μαύρο Α15",,,2019-07-08,product,https://staging.citisaid.com/product/%ce%b1%ce%be%ce%b5%cf%83%ce%bf%cf%85%ce%ac%cf%81/tzamakia-prostasias-%ce%b1%ce%be%ce%b5%cf%83%ce%bf%cf%85%ce%ac%cf%81/hoco-tzamakia-prostasias-%ce%b1%ce%be%ce%b5%cf%83%ce%bf%cf%85%ce%ac%cf%81/tzamaki-prostasias-ka8reths-gia-iphone-7-plus-8-plus-full-cover-hoco-mayro-a15/,0,AS-00808,9.9,9.9,,instock,9,,0,Manufacturer,Hoco,no,yes,yes,"Phone model",,no,no,no,,https://staging.citisaid.com/var/uploads//2019/07/00808.jpeg,hoco-glass-screen-protector-a15-premium-quality-full-face-mi,,,,https://staging.citisaid.com/var/uploads//2019/07/00808.jpeg,,simple,visible,"Αξεσουάρ>Τζαμάκια Προστασίας>Hoco",,Εξαντλήθηκε,visible,publish,0,,,,,tzamaki-prostasias-ka8reths-gia-iphone-7-plus-8-plus-full-cover-hoco-mayro-a15,,,0,0,closed,closed,2019-07-12,no,no,,no,,,,,,,no,yes,,,,,'-1,'-1,,,yes,taxable,vat-24,,a:0:{},"a:1:{s:15:""pa_manufacturer"";a:6:{s:4:""name"";s:15:""pa_manufacturer"";s:5:""value"";s:0:"""";s:8:""position"";i:1;s:10:""is_visible"";i:1;s:12:""is_variation"";i:0;s:11:""is_taxonomy"";i:1;}}",3.5.7,,a:0:{},0,0,,,,,
39316,"Τζαμάκι Προστασίας Καθρέτης Για iPhone 7 Plus / 8 Plus Full Cover Hoco Άσπρο Α15",,,2019-07-08,product,https://staging.citisaid.com/product/%ce%b1%ce%be%ce%b5%cf%83%ce%bf%cf%85%ce%ac%cf%81/tzamakia-prostasias-%ce%b1%ce%be%ce%b5%cf%83%ce%bf%cf%85%ce%ac%cf%81/hoco-tzamakia-prostasias-%ce%b1%ce%be%ce%b5%cf%83%ce%bf%cf%85%ce%ac%cf%81/tzamaki-prostasias-ka8reths-gia-iphone-7-plus-8-plus-full-cover-hoco-aspro-a15/,0,AS-00809,9.9,9.9,,instock,8,,0,Manufacturer,Hoco,no,yes,yes,"Phone model",,no,no,no,,https://staging.citisaid.com/var/uploads//2019/07/00809.jpeg,hoco-glass-screen-protector-a15-premium-quality-full-face-mi,,,,https://staging.citisaid.com/var/uploads//2019/07/00809.jpeg,,simple,visible,"Αξεσουάρ>Τζαμάκια Προστασίας>Hoco",,Εξαντλήθηκε,visible,publish,0,,,,,tzamaki-prostasias-ka8reths-gia-iphone-7-plus-8-plus-full-cover-hoco-aspro-a15,,,0,0,closed,closed,2019-07-12,no,no,,no,,,,,,,no,yes,,,,,'-1,'-1,,,yes,taxable,vat-24,,a:0:{},"a:1:{s:15:""pa_manufacturer"";a:6:{s:4:""name"";s:15:""pa_manufacturer"";s:5:""value"";s:0:"""";s:8:""position"";i:1;s:10:""is_visible"";i:1;s:12:""is_variation"";i:0;s:11:""is_taxonomy"";i:1;}}",3.5.7,,a:0:{},0,0,,,,,
39317,"Τζαμάκι Προστασίας Καθρέτης Για iPhone 7 / 8 Full Cover Hoco Άσπρο Α15",,,2019-07-08,product,https://staging.citisaid.com/product/%ce%b1%ce%be%ce%b5%cf%83%ce%bf%cf%85%ce%ac%cf%81/tzamakia-prostasias-%ce%b1%ce%be%ce%b5%cf%83%ce%bf%cf%85%ce%ac%cf%81/hoco-tzamakia-prostasias-%ce%b1%ce%be%ce%b5%cf%83%ce%bf%cf%85%ce%ac%cf%81/tzamaki-prostasias-ka8reths-gia-iphone-7-8-full-cover-hoco-aspro-a15/,0,AS-00810,9.9,9.9,,instock,9,,0,Manufacturer,Hoco,no,yes,yes,"Phone model",,no,no,no,,https://staging.citisaid.com/var/uploads//2019/07/00810.jpeg,hoco-glass-screen-protector-a15-premium-quality-full-face-mi,,,,https://staging.citisaid.com/var/uploads//2019/07/00810.jpeg,,simple,visible,"Αξεσουάρ>Τζαμάκια Προστασίας>Hoco",,Εξαντλήθηκε,visible,publish,0,,,,,tzamaki-prostasias-ka8reths-gia-iphone-7-8-full-cover-hoco-aspro-a15,,,0,0,closed,closed,2019-07-12,no,no,,no,,,,,,,no,yes,,,,,'-1,'-1,,,yes,taxable,vat-24,,a:0:{},"a:1:{s:15:""pa_manufacturer"";a:6:{s:4:""name"";s:15:""pa_manufacturer"";s:5:""value"";s:0:"""";s:8:""position"";i:1;s:10:""is_visible"";i:1;s:12:""is_variation"";i:0;s:11:""is_taxonomy"";i:1;}}",3.5.7,,a:0:{},0,0,,,,,
39318,"Τζαμάκι Προστασίας Καθρέτης Για iPhone 7 / 8 Full Cover Hoco Μαύρο Α15",,,2019-07-08,product,https://staging.citisaid.com/product/%ce%b1%ce%be%ce%b5%cf%83%ce%bf%cf%85%ce%ac%cf%81/tzamakia-prostasias-%ce%b1%ce%be%ce%b5%cf%83%ce%bf%cf%85%ce%ac%cf%81/hoco-tzamakia-prostasias-%ce%b1%ce%be%ce%b5%cf%83%ce%bf%cf%85%ce%ac%cf%81/tzamaki-prostasias-ka8reths-gia-iphone-7-8-full-cover-hoco-mayro-a15/,0,AS-00811,9.9,9.9,,instock,9,,0,Manufacturer,Hoco,no,yes,yes,"Phone model",,no,no,no,,https://staging.citisaid.com/var/uploads//2019/07/00811.jpeg,hoco-glass-screen-protector-a15-premium-quality-full-face-mi,,,,https://staging.citisaid.com/var/uploads//2019/07/00811.jpeg,,simple,visible,"Αξεσουάρ>Τζαμάκια Προστασίας>Hoco",,Εξαντλήθηκε,visible,publish,0,,,,,tzamaki-prostasias-ka8reths-gia-iphone-7-8-full-cover-hoco-mayro-a15,,,0,0,closed,closed,2019-07-12,no,no,,no,,,,,,,no,yes,,,,,'-1,'-1,,,yes,taxable,vat-24,,a:0:{},"a:1:{s:15:""pa_manufacturer"";a:6:{s:4:""name"";s:15:""pa_manufacturer"";s:5:""value"";s:0:"""";s:8:""position"";i:1;s:10:""is_visible"";i:1;s:12:""is_variation"";i:0;s:11:""is_taxonomy"";i:1;}}",3.5.7,,a:0:{},0,0,,,,,
39319,"Τζαμάκι Προστασίας Καθρέτης Για iPhone X / XS Full Cover Hoco Μαύρο Α15",,,2019-07-08,product,https://staging.citisaid.com/product/%ce%b1%ce%be%ce%b5%cf%83%ce%bf%cf%85%ce%ac%cf%81/tzamakia-prostasias-%ce%b1%ce%be%ce%b5%cf%83%ce%bf%cf%85%ce%ac%cf%81/hoco-tzamakia-prostasias-%ce%b1%ce%be%ce%b5%cf%83%ce%bf%cf%85%ce%ac%cf%81/tzamaki-prostasias-ka8reths-gia-iphone-x-xs-full-cover-hoco-mayro-a15/,0,AS-00812,9.9,9.9,,instock,18,,0,Manufacturer,Hoco,no,yes,yes,"Phone model",,no,no,no,,https://staging.citisaid.com/var/uploads//2019/07/00812.jpeg,hoco-glass-screen-protector-a15-premium-quality-full-face-mi,,,,https://staging.citisaid.com/var/uploads//2019/07/00812.jpeg,,simple,visible,"Αξεσουάρ>Τζαμάκια Προστασίας>Hoco",,Εξαντλήθηκε,visible,publish,0,,,,,tzamaki-prostasias-ka8reths-gia-iphone-x-xs-full-cover-hoco-mayro-a15,,,0,0,closed,closed,2019-07-12,no,no,,no,,,,,,,no,yes,,,,,'-1,'-1,,,yes,taxable,vat-24,,a:0:{},"a:1:{s:15:""pa_manufacturer"";a:6:{s:4:""name"";s:15:""pa_manufacturer"";s:5:""value"";s:0:"""";s:8:""position"";i:1;s:10:""is_visible"";i:1;s:12:""is_variation"";i:0;s:11:""is_taxonomy"";i:1;}}",3.5.7,,a:0:{},0,0,,,,,
39320,"Τζαμάκι Προστασίας Για iPhone X / XS Nano 3D Full Cover Κυρτές Άκρες Hoco Μαύρο Α12",,,2019-07-08,product,https://staging.citisaid.com/product/%ce%b1%ce%be%ce%b5%cf%83%ce%bf%cf%85%ce%ac%cf%81/tzamakia-prostasias-%ce%b1%ce%be%ce%b5%cf%83%ce%bf%cf%85%ce%ac%cf%81/hoco-tzamakia-prostasias-%ce%b1%ce%be%ce%b5%cf%83%ce%bf%cf%85%ce%ac%cf%81/tzamaki-prostasias-gia-iphone-x-xs-nano-3d-full-cover-kyrtes-akres-hoco-mayro-a12/,0,AS-00813,9.9,9.9,,instock,20,,0,Manufacturer,Hoco,no,yes,yes,"Phone model",,no,no,no,,https://staging.citisaid.com/var/uploads//2019/07/00813.jpeg,nano-3d-full-screen-edges-protection-tempered-glass-a12-ipho,,,,https://staging.citisaid.com/var/uploads//2019/07/00813.jpeg,,simple,visible,"Αξεσουάρ>Τζαμάκια Προστασίας>Hoco",,Εξαντλήθηκε,visible,publish,0,,,,,tzamaki-prostasias-gia-iphone-x-xs-nano-3d-full-cover-kyrtes-akres-hoco-mayro-a12,,,0,0,closed,closed,2019-07-11,no,no,,no,,,,,,,no,yes,,,,,'-1,'-1,,,yes,taxable,vat-24,,a:0:{},"a:1:{s:15:""pa_manufacturer"";a:6:{s:4:""name"";s:15:""pa_manufacturer"";s:5:""value"";s:0:"""";s:8:""position"";i:1;s:10:""is_visible"";i:1;s:12:""is_variation"";i:0;s:11:""is_taxonomy"";i:1;}}",3.5.7,,a:0:{},0,0,,,,,
39435,"Οθόνη LCD και Μηχανισμός Αφής Xiaomi Mi Max 2 Χρυσό",,,2019-07-10,product,https://staging.citisaid.com/product/antallaktika/xiaomi/o8ones-xiaomi/o8onh-lcd-kai-mhxanismos-afhs-xiaomi-mi-max-2-xryso/,0,CA-06471,29,29,,instock,5,,0,Manufacturer,Xiaomi,no,yes,yes,"Phone model","Mi Max 2",no,yes,yes,,https://staging.citisaid.com/var/uploads//2019/07/ca-06471.jpeg,lcd-with-touch-screen-for-xiaomi-mi-max-2-gold-by-maxbhi-com,,,,https://staging.citisaid.com/var/uploads//2019/07/ca-06471.jpeg,,simple,visible,Ανταλλακτικά>Xiaomi>Οθόνες,,"Κατόπιν παραγγελίας",visible,publish,0,,,,,o8onh-lcd-kai-mhxanismos-afhs-xiaomi-mi-max-2-xryso,,,0,0,closed,closed,2019-07-11,no,no,,no,,,,,,,no,yes,,,,,'-1,'-1,,,yes,taxable,vat-24,,a:0:{},"a:2:{s:15:""pa_manufacturer"";a:6:{s:4:""name"";s:15:""pa_manufacturer"";s:5:""value"";s:0:"""";s:8:""position"";i:1;s:10:""is_visible"";i:1;s:12:""is_variation"";i:0;s:11:""is_taxonomy"";i:1;}s:14:""pa_phone-model"";a:6:{s:4:""name"";s:14:""pa_phone-model"";s:5:""value"";s:0:"""";s:8:""position"";i:2;s:10:""is_visible"";i:1;s:12:""is_variation"";i:0;s:11:""is_taxonomy"";i:1;}}",3.5.7,,a:0:{},0,0,,,,,
39436,"Γνήσιο Πριζάκι Φόρτισης - Apple iPhone A1882 USB-C 18W Power Adapter MU7V2ZM/A Άσπρο (Retail Package",,,2019-07-10,product,https://staging.citisaid.com/product/%ce%b1%ce%be%ce%b5%cf%83%ce%bf%cf%85%ce%ac%cf%81/kalwdia-fortistes-%ce%b1%ce%be%ce%b5%cf%83%ce%bf%cf%85%ce%ac%cf%81/apple-kalwdia-fortistes-%ce%b1%ce%be%ce%b5%cf%83%ce%bf%cf%85%ce%ac%cf%81/gnhsio-prizaki-fortishs-apple-iphone-a1882-usb-c-18w-power-adapter-mu7v2zm-aspro-retail-package/,0,AS-00814,25,25,,instock,20,,0,Manufacturer,Apple,no,yes,yes,"Phone model",,no,no,no,,https://staging.citisaid.com/var/uploads//2019/07/00814.jpeg|https://staging.citisaid.com/var/uploads//2019/07/00814.jpeg,431223-00-600x600jpg|90744973043f6ccdfd004a7387b3e1ccjpg,|,|,|,https://staging.citisaid.com/var/uploads//2019/07/00814.jpeg,,simple,visible,"Αξεσουάρ>Καλώδια - Φορτιστές>Apple",,Εξαντλήθηκε,visible,publish,0,,,,,gnhsio-prizaki-fortishs-apple-iphone-a1882-usb-c-18w-power-adapter-mu7v2zm-aspro-retail-package,,,0,0,closed,closed,2019-07-11,no,no,,no,,,,,,,no,yes,,,,,'-1,'-1,,,yes,taxable,vat-24,39496,a:0:{},"a:1:{s:15:""pa_manufacturer"";a:6:{s:4:""name"";s:15:""pa_manufacturer"";s:5:""value"";s:0:"""";s:8:""position"";i:1;s:10:""is_visible"";i:1;s:12:""is_variation"";i:0;s:11:""is_taxonomy"";i:1;}}",3.5.7,,a:0:{},0,0,,,,,
39526,"XIAOMI REDMI NOTE 7 32GB BLACK",,,2019-07-11,product,https://staging.citisaid.com/?post_type=product&p=39526,0,004093,0,0,,instock,1,,0,Manufacturer,,no,no,no,"Phone model",,no,no,no,,,,,,,,,simple,visible,Τηλέφωνα,,Εξαντλήθηκε,visible,draft,0,,,,,xiaomi-redmi-note-7-32gb-black,,,0,0,closed,closed,2019-07-12,no,no,,no,,,,,,,no,yes,,,,,'-1,'-1,,,yes,taxable,vat-24,,a:0:{},a:0:{},3.5.7,,a:0:{},0,0,,,,,
39638,"Τζαμάκι Κάμερας  Xiaomi Redmi Note 7 Μπλέ",,,2019-07-12,product,https://staging.citisaid.com/product/antallaktika/xiaomi/kameres-kalymata-kameras-xiaomi/tzamaki-kameras-xiaomi-redmi-note-7-mple/,0,CA-06472,8,8,,instock,1,,0,Manufacturer,Xiaomi,no,yes,yes,"Phone model","Redmi Note 7",no,yes,yes,,,,,,,,,simple,visible,"Ανταλλακτικά>Xiaomi>Κάμερες - Καλύματα Κάμερας",,"Κατόπιν παραγγελίας",visible,publish,0,,,,,tzamaki-kameras-xiaomi-redmi-note-7-mple,,,0,0,closed,closed,2019-07-12,no,no,,no,,,,,,,no,yes,,,,,'-1,'-1,,,yes,taxable,vat-24,,a:0:{},"a:2:{s:15:""pa_manufacturer"";a:6:{s:4:""name"";s:15:""pa_manufacturer"";s:5:""value"";s:0:"""";s:8:""position"";i:1;s:10:""is_visible"";i:1;s:12:""is_variation"";i:0;s:11:""is_taxonomy"";i:1;}s:14:""pa_phone-model"";a:6:{s:4:""name"";s:14:""pa_phone-model"";s:5:""value"";s:0:"""";s:8:""position"";i:2;s:10:""is_visible"";i:1;s:12:""is_variation"";i:0;s:11:""is_taxonomy"";i:1;}}",3.5.7,,a:0:{},0,0,,,,,
39639,"Βάση Κάρτας SIM Xiaomi Redmi Note 7 Μπλέ",,,2019-07-12,product,https://staging.citisaid.com/product/antallaktika/xiaomi/epafes-baseis-kartas-mnhmhs-sim-xiaomi/bash-kartas-sim-xiaomi-redmi-note-7-mple/,0,CA-06473,3.9,3.9,,onbackorder,0.000000,,1,Manufacturer,Xiaomi,no,yes,yes,"Phone model","Redmi Note 7",no,yes,yes,,,,,,,,,simple,visible,"Ανταλλακτικά>Xiaomi>Επαφές - Βάσεις Κάρτας Μνήμης - Sim",,"Κατόπιν παραγγελίας",visible,publish,0,,,,,bash-kartas-sim-xiaomi-redmi-note-7-mple,,,0,0,closed,closed,2019-08-22,no,no,,no,,,,,,,no,yes,,,,,'-1,'-1,,,yes,taxable,vat-24,,a:0:{},"a:2:{s:15:""pa_manufacturer"";a:6:{s:4:""name"";s:15:""pa_manufacturer"";s:5:""value"";s:0:"""";s:8:""position"";i:1;s:10:""is_visible"";i:1;s:12:""is_variation"";i:0;s:11:""is_taxonomy"";i:1;}s:14:""pa_phone-model"";a:6:{s:4:""name"";s:14:""pa_phone-model"";s:5:""value"";s:0:"""";s:8:""position"";i:2;s:10:""is_visible"";i:1;s:12:""is_variation"";i:0;s:11:""is_taxonomy"";i:1;}}",3.6.5,,a:0:{},0,0,,,,,
39649,"Γνήσια Οθόνη LCD και Μηχανισμός Αφής Samsung SM-A705 Galaxy A70 Μαύρη GH82-19477A",,,2019-07-12,product,https://staging.citisaid.com/product/antallaktika/samsung/o8ones-samsung/gnhsia-o8onh-lcd-kai-mhxanismos-afhs-samsung-sm-a705-galaxy-a70-mayrh-gh82-19477a/,0,CA-06474,0,0,,instock,3,,0,Manufacturer,Samsung,no,yes,yes,"Phone model",,no,no,no,,,,,,,,,simple,visible,Ανταλλακτικά>Samsung>Οθόνες,,"4-10 μέρες",visible,publish,0,,,,,gnhsia-o8onh-lcd-kai-mhxanismos-afhs-samsung-sm-a705-galaxy-a70-mayrh-gh82-19477a,,,0,0,closed,closed,2019-07-12,no,no,,no,,,,,,,no,yes,,,,,'-1,'-1,,,yes,taxable,vat-24,,a:0:{},"a:1:{s:15:""pa_manufacturer"";a:6:{s:4:""name"";s:15:""pa_manufacturer"";s:5:""value"";s:0:"""";s:8:""position"";i:1;s:10:""is_visible"";i:1;s:12:""is_variation"";i:0;s:11:""is_taxonomy"";i:1;}}",3.5.7,,a:0:{},0,0,,,,,
39650,"Γνήσια Οθόνη LCD και Μηχανισμός Αφής Samsung SM-J810FN Galaxy J8 (2018) Μαύρη GH97-22145A",,,2019-07-12,product,https://staging.citisaid.com/product/antallaktika/samsung/o8ones-samsung/gnhsia-o8onh-lcd-kai-mhxanismos-afhs-samsung-sm-j810fn-galaxy-j8-2018-mayrh-gh97-22145a/,0,CA-06475,0,0,,instock,3,,0,Manufacturer,Samsung,no,yes,yes,"Phone model","J730 (2017)",no,yes,yes,,,,,,,,,simple,visible,Ανταλλακτικά>Samsung>Οθόνες,,"Κατόπιν παραγγελίας",visible,publish,0,,,,,gnhsia-o8onh-lcd-kai-mhxanismos-afhs-samsung-sm-j810fn-galaxy-j8-2018-mayrh-gh97-22145a,,,0,0,closed,closed,2019-07-12,no,no,,no,,,,,,,no,yes,,,,,'-1,'-1,,,yes,taxable,vat-24,,a:0:{},"a:2:{s:15:""pa_manufacturer"";a:6:{s:4:""name"";s:15:""pa_manufacturer"";s:5:""value"";s:0:"""";s:8:""position"";i:1;s:10:""is_visible"";i:1;s:12:""is_variation"";i:0;s:11:""is_taxonomy"";i:1;}s:14:""pa_phone-model"";a:6:{s:4:""name"";s:14:""pa_phone-model"";s:5:""value"";s:0:"""";s:8:""position"";i:2;s:10:""is_visible"";i:1;s:12:""is_variation"";i:0;s:11:""is_taxonomy"";i:1;}}",3.5.7,,a:0:{},0,0,,,,,
